<?xml version="1.0" encoding="UTF-8" ?>
<!--
  ~ Licensed to the Apache Software Foundation (ASF) under one or more
  ~ contributor license agreements.  See the NOTICE file distributed with
  ~ this work for additional information regarding copyright ownership.
  ~ The ASF licenses this file to You under the Apache License, Version 2.0
  ~ (the "License"); you may not use this file except in compliance with
  ~ the License.  You may obtain a copy of the License at
  ~
  ~     http://www.apache.org/licenses/LICENSE-2.0
  ~
  ~ Unless required by applicable law or agreed to in writing, software
  ~ distributed under the License is distributed on an "AS IS" BASIS,
  ~ WITHOUT WARRANTIES OR CONDITIONS OF ANY KIND, either express or implied.
  ~ See the License for the specific language governing permissions and
  ~ limitations under the License.
  -->

<!DOCTYPE mapper PUBLIC "-//mybatis.org//DTD Mapper 3.0//EN" "http://mybatis.org/dtd/mybatis-3-mapper.dtd" >
<mapper namespace="org.apache.dolphinscheduler.dao.mapper.AccessTokenMapper">
    <select id="selectAccessTokenPage" resultType="org.apache.dolphinscheduler.dao.entity.AccessToken">
        select t.id, t.user_id, t.token, t.expire_time, t.create_time, t.update_time, u.user_name
        from t_ds_access_token t
        left join t_ds_user u on t.user_id = u.id
        where 1 = 1
        <if test="userName != null and userName != ''">
            and u.user_name like concat ('%', #{userName}, '%')
        </if>
        <if test="userId != 0">
            and t.user_id = #{userId}
        </if>
        order by t.update_time desc
    </select>

    <select id="queryAccessTokenByUser" resultType="org.apache.dolphinscheduler.dao.entity.AccessToken">
        select id, user_id, token, expire_time, create_time, update_time
        from t_ds_access_token
        where 1 = 1
        <if test="userId != 0">
            and user_id = #{userId}
        </if>
    </select>

    <delete id="deleteAccessTokenByUserId">
        delete from t_ds_access_token
        where user_id = #{userId}
    </delete>

    <select id="listAuthorizedAccessToken" resultType="org.apache.dolphinscheduler.dao.entity.AccessToken">
        select id, user_id, token, expire_time, create_time, update_time
        from t_ds_access_token t
        where 1=1
        <if test="userId != 0">
            and t.user_id = #{userId}
        </if>
        <if test="accessTokensIds != null and accessTokensIds.size() > 0">
            and t.id  in
            <foreach item="id" index="index" collection="accessTokensIds" open="(" separator="," close=")">
                #{id}
            </foreach>
        </if>
    </select>
</mapper>
