<?xml version="1.0" encoding="UTF-8" ?>
<!--
  ~ Licensed to the Apache Software Foundation (ASF) under one or more
  ~ contributor license agreements.  See the NOTICE file distributed with
  ~ this work for additional information regarding copyright ownership.
  ~ The ASF licenses this file to You under the Apache License, Version 2.0
  ~ (the "License"); you may not use this file except in compliance with
  ~ the License.  You may obtain a copy of the License at
  ~
  ~     http://www.apache.org/licenses/LICENSE-2.0
  ~
  ~ Unless required by applicable law or agreed to in writing, software
  ~ distributed under the License is distributed on an "AS IS" BASIS,
  ~ WITHOUT WARRANTIES OR CONDITIONS OF ANY KIND, either express or implied.
  ~ See the License for the specific language governing permissions and
  ~ limitations under the License.
  -->

<!DOCTYPE mapper PUBLIC "-//mybatis.org//DTD Mapper 3.0//EN" "http://mybatis.org/dtd/mybatis-3-mapper.dtd" >
<mapper namespace="org.apache.dolphinscheduler.dao.mapper.CommandMapper">
    <select id="countCommandState" resultType="org.apache.dolphinscheduler.dao.entity.CommandCount">
        select cmd.command_type as command_type, count(1) as count
        from t_ds_command cmd, t_ds_process_definition process
        where cmd.process_definition_code = process.code
        <if test="projectCodeArray != null and projectCodeArray.length != 0">
            and process.project_code in
            <foreach collection="projectCodeArray" index="index" item="i" open="(" close=")" separator=",">
                #{i}
            </foreach>
        </if>
        <if test="startTime != null and endTime != null">
            and cmd.start_time <![CDATA[ >= ]]> #{startTime} and cmd.update_time <![CDATA[ <= ]]> #{endTime}
        </if>
        group by cmd.command_type
    </select>
    <select id="queryCommandPage" resultType="org.apache.dolphinscheduler.dao.entity.Command">
        select *
        from t_ds_command
        order by process_instance_priority, id asc
        limit #{limit} offset #{offset}
    </select>

    <select id="queryCommandPageBySlot" resultType="org.apache.dolphinscheduler.dao.entity.Command">
        select *
        from t_ds_command
        where id % #{masterCount} = #{thisMasterSlot}
        order by process_instance_priority, id asc
            limit #{limit} offset #{offset}
    </select>
</mapper>
