<?xml version="1.0" encoding="UTF-8" ?>
<!--
  ~ Licensed to the Apache Software Foundation (ASF) under one or more
  ~ contributor license agreements.  See the NOTICE file distributed with
  ~ this work for additional information regarding copyright ownership.
  ~ The ASF licenses this file to You under the Apache License, Version 2.0
  ~ (the "License"); you may not use this file except in compliance with
  ~ the License.  You may obtain a copy of the License at
  ~
  ~     http://www.apache.org/licenses/LICENSE-2.0
  ~
  ~ Unless required by applicable law or agreed to in writing, software
  ~ distributed under the License is distributed on an "AS IS" BASIS,
  ~ WITHOUT WARRANTIES OR CONDITIONS OF ANY KIND, either express or implied.
  ~ See the License for the specific language governing permissions and
  ~ limitations under the License.
  -->

<!DOCTYPE mapper PUBLIC "-//mybatis.org//DTD Mapper 3.0//EN" "http://mybatis.org/dtd/mybatis-3-mapper.dtd" >
<mapper namespace="org.apache.dolphinscheduler.dao.mapper.DqRuleMapper">
    <select id="queryRuleListPaging" resultType="org.apache.dolphinscheduler.dao.entity.DqRule">
        SELECT a.id, a.name, a.type, b.user_name, a.create_time, a.update_time
        FROM t_ds_dq_rule a left join t_ds_user b on a.user_id = b.id
        <where>
            <if test=" searchVal != null and searchVal != ''">
                and a.name like concat('%', #{searchVal}, '%')
            </if>
            <if test="startTime != null ">
                and a.update_time > #{startTime} and a.update_time <![CDATA[ <=]]> #{endTime}
            </if>
            <if test=" ruleType != -1">
                and a.type = #{ruleType}
            </if>
        </where>
        order by a.update_time desc
    </select>
</mapper>
