<?xml version="1.0" encoding="UTF-8" ?>
<!--
  ~ Licensed to the Apache Software Foundation (ASF) under one or more
  ~ contributor license agreements.  See the NOTICE file distributed with
  ~ this work for additional information regarding copyright ownership.
  ~ The ASF licenses this file to You under the Apache License, Version 2.0
  ~ (the "License"); you may not use this file except in compliance with
  ~ the License.  You may obtain a copy of the License at
  ~
  ~     http://www.apache.org/licenses/LICENSE-2.0
  ~
  ~ Unless required by applicable law or agreed to in writing, software
  ~ distributed under the License is distributed on an "AS IS" BASIS,
  ~ WITHOUT WARRANTIES OR CONDITIONS OF ANY KIND, either express or implied.
  ~ See the License for the specific language governing permissions and
  ~ limitations under the License.
  -->

<!DOCTYPE mapper PUBLIC "-//mybatis.org//DTD Mapper 3.0//EN" "http://mybatis.org/dtd/mybatis-3-mapper.dtd" >
<mapper namespace="org.apache.dolphinscheduler.dao.mapper.PluginDefineMapper">
    <select id="checkTableExist" resultType="int">
        select count(*) from information_schema.TABLES where table_name = 't_ds_plugin_define'
    </select>

    <select id="queryAllPluginDefineList" resultType="org.apache.dolphinscheduler.dao.entity.PluginDefine">
        select *
        from t_ds_plugin_define
        where 1=1
    </select>

    <select id="queryByPluginType" resultType="org.apache.dolphinscheduler.dao.entity.PluginDefine">
        select id,plugin_name,plugin_type,create_time,update_time
        from t_ds_plugin_define
        where plugin_type = #{pluginType}
    </select>

    <select id="queryByNameAndType" resultType="org.apache.dolphinscheduler.dao.entity.PluginDefine">
        select *
        from t_ds_plugin_define
        where plugin_name = #{pluginName} and plugin_type = #{pluginType}
        limit 1
    </select>

    <select id="queryDetailById" resultType="org.apache.dolphinscheduler.dao.entity.PluginDefine">
        select id,plugin_name,plugin_type,plugin_params,create_time,update_time
        from t_ds_plugin_define
        where id = #{id}
    </select>

</mapper>
